qps_target,duration_s,expected_requests,completed_requests,success_rate,achieved_qps,p50_s,p90_s,p99_s
128,5,640,640,0.0,127.95036334604819,0.00551337149227038,0.006327890499960631,0.007092914681416007
256,5,1280,1280,0.0,255.9346653085839,0.005952070467174053,0.0074326422938611365,0.008812790084048176
512,5,2560,2560,0.0,511.11030976876174,0.0027347214927431196,0.0318904673156794,0.0965039942390285
1024,5,5120,5120,0.0,1005.3385702764141,0.06588241847930476,0.1499614949920215,0.19947567009425257
2048,5,10240,10240,0.0,1036.0212538116277,0.9503328230057377,1.7296629558957648,1.8478221459587802
128,5,640,640,1.0,89.92985874153752,0.9822571180120576,1.703337839827873,2.955518837725977
256,5,1280,1280,1.0,90.03150339453518,4.514189215988154,7.975898135034368,8.71607751890144
512,5,2560,2560,1.0,96.3298840565713,10.14296078600455,10.627213483594824,11.835392569315733
1024,5,5120,5120,0.9990234375,96.80236130579893,10.41340472601587,10.905803759803531,13.015623783072217
